,precision,recall,f1-score,support
0,0.8571428571428571,0.72,0.782608695652174,50.0
1,0.17647058823529413,0.3333333333333333,0.23076923076923078,9.0
accuracy,0.6610169491525424,0.6610169491525424,0.6610169491525424,0.6610169491525424
macro avg,0.5168067226890756,0.5266666666666666,0.5066889632107023,59.0
weighted avg,0.753311494089161,0.6610169491525424,0.6984297942293521,59.0
